-- Заполнение таблицы clinics
INSERT INTO clinics (clinic_id, address, rating_on_yandex_maps, year_of_opening)
VALUES 
    (1, 'ул. Ленина, 10', 4.5, 2010),
    (2, 'пр. Мира, 25', 4.7, 2015),
    (3, 'ул. Пушкина, 15', 4.3, 2012),
    (4, 'ул. Гагарина, 30', 4.6, 2018),
    (5, 'ул. Советская, 5', 4.4, 2011),
    (6, 'ул. Кирова, 20', 4.2, 2013),
    (7, 'ул. Лермонтова, 12', 4.8, 2016),
    (8, 'ул. Чехова, 8', 4.1, 2014),
    (9, 'ул. Толстого, 18', 4.9, 2017),
    (10, 'ул. Достоевского, 22', 4.0, 2019),
    (11, 'ул. Гоголя, 14', 4.7, 2020),
    (12, 'ул. Тургенева, 9', 4.5, 2021),
    (13, 'ул. Некрасова, 11', 4.6, 2022),
    (14, 'ул. Маяковского, 7', 4.3, 2023),
    (15, 'ул. Есенина, 3', 4.4, 2024);

-- Заполнение таблицы departments
INSERT INTO departments (department_id, clinic_id, department_name, head_of_department)
VALUES 
    (1, 1, 'Терапия', 'Иванов Иван Иванович'),
    (2, 2, 'Хирургия', 'Петров Петр Петрович'),
    (3, 3, 'Кардиология', 'Сидоров Сидор Сидорович'),
    (4, 4, 'Неврология', 'Кузнецов Кузьма Кузьмич'),
    (5, 5, 'Офтальмология', 'Смирнов Егор Валентинович'),
    (6, 6, 'Дерматология', 'Васильев Василий Васильевич'),
    (7, 7, 'Гастроэнтерология', 'Николаев Николай Николаевич'),
    (8, 8, 'Эндокринология', 'Алексеев Алексей Алексеевич'),
    (9, 9, 'Онкология', 'Дмитриев Дмитрий Дмитриевич'),
    (10, 10, 'Педиатрия', 'Андреев Андрей Андреевич'),
    (11, 11, 'Гинекология', 'Сергеев Сергей Сергеевич'),
    (12, 12, 'Урология', 'Павлов Павел Павлович'),
    (13, 13, 'Ортопедия', 'Федоров Федор Федорович'),
    (14, 14, 'Психиатрия', 'Михайлов Михаил Михайлович'),
    (15, 15, 'Стоматология', 'Александров Александр Александрович');

-- Заполнение таблицы doctors
INSERT INTO doctors (doctor_id, department_id, doctor_name, doctor_patronymic, doctor_surname, specialization, alma_mater, phone_number, vacation_status, valid_from, valid_to)
VALUES 
    (2, 2, 'Петр', 'Петрович', 'Петров', 'Хирург', 'РНИМУ', '234-567-8901', FALSE, '2029-12-31', NULL),
    (3, 3, 'Сидор', 'Сидорович', 'Сидоров', 'Кардиолог', 'СПбГМУ', '345-678-9012', FALSE,'2025-12-31', NULL),
    (4, 4, 'Кузьма', 'Кузьмич', 'Кузнецов', 'Невролог', 'КГМУ', '456-789-0123', FALSE,'2026-12-31', NULL),
    (5, 5, 'Александр', 'Олегович', 'Смирнов', 'Офтальмолог', 'МГМСУ', '567-890-1234', TRUE, '2030-12-31', NULL),
    (6, 6, 'Василий', 'Васильевич', 'Васильев', 'Дерматолог', 'РУДН', '678-901-2345', FALSE, '2024-12-31', NULL),
    (7, 7, 'Николай', 'Николаевич', 'Николаев', 'Гастроэнтеролог', 'МГУ', '789-012-3456', FALSE, '2025-12-31', NULL),
    (8, 8, 'Алексей', 'Алексеевич', 'Алексеев', 'Эндокринолог', 'СПбГУ', '890-123-4567', FALSE, '2026-12-31', NULL),
    (9, 9, 'Дмитрий', 'Дмитриевич', 'Дмитриев', 'Онколог', 'КФУ', '901-234-5678', TRUE, '2023-12-31', NULL),
    (10, 10, 'Андрей', 'Андреевич', 'Андреев', 'Педиатр', 'НГУ', '012-345-6789', FALSE, '2029-12-31', NULL),
    (11, 11, 'Сергей', 'Сергеевич', 'Сергеев', 'Гинеколог', 'ТГУ', '123-456-7890', FALSE, '2025-12-31', NULL),
    (12, 12, 'Павел', 'Павлович', 'Павлов', 'Уролог', 'УрФУ', '234-567-8901', FALSE, '2026-12-31', NULL),
    (13, 13, 'Федор', 'Федорович', 'Федоров', 'Ортопед', 'КГУ', '345-678-9012', FALSE, '2023-12-31', NULL),
    (14, 14, 'Михаил', 'Михайлович', 'Михайлов', 'Психиатр', 'ОМГУ', '456-789-0123', FALSE, '2024-12-31', NULL),
    (15, 15, 'Александр', 'Александрович', 'Александров', 'Стоматолог', 'МГСУ', '567-890-1234', FALSE, '2029-12-31', NULL);

-- Заполнение таблицы patients
INSERT INTO patients (patients_id, patient_name, patient_patronymic, patient_surname, date_of_birth, valid_from, valid_to)
VALUES 
    (1, 'Иван', 'Иванович', 'Иванов', '1980-01-01', '2020-01-01', '2023-12-31'),
    (2, 'Петр', 'Петрович', 'Петров', '1985-02-02', '2019-01-01', '2024-12-31'),
    (3, 'Сидор', 'Сидорович', 'Сидоров', '1990-03-03', '2021-01-01', '2025-12-31'),
    (4, 'Кузьма', 'Кузьмич', 'Кузнецов', '1995-04-04', '2022-01-01', '2026-12-31'),
    (5, 'Смирн', 'Смирнович', 'Смирнов', '2000-05-05', '2020-01-01', '2023-12-31'),
    (6, 'Василий', 'Васильевич', 'Васильев', '1975-06-06', '2019-01-01', '2024-12-31'),
    (7, 'Николай', 'Николаевич', 'Николаев', '1988-07-07', '2021-01-01', '2025-12-31'),
    (8, 'Алексей', 'Алексеевич', 'Алексеев', '1992-08-08', '2022-01-01', '2026-12-31'),
    (9, 'Дмитрий', 'Дмитриевич', 'Дмитриев', '1983-09-09', '2020-01-01', '2023-12-31'),
    (10, 'Андрей', 'Андреевич', 'Андреев', '1978-10-10', '2019-01-01', '2024-12-31'),
    (11, 'Сергей', 'Сергеевич', 'Сергеев', '1991-11-11', '2021-01-01', '2025-12-31'),
    (12, 'Павел', 'Павлович', 'Павлов', '1986-12-12', '2022-01-01', '2026-12-31'),
    (13, 'Федор', 'Федорович', 'Федоров', '1979-01-13', '2020-01-01', '2023-12-31'),
    (14, 'Михаил', 'Михайлович', 'Михайлов', '1984-02-14', '2019-01-01', '2024-12-31'),
    (15, 'Александр', 'Александрович', 'Александров', '1993-03-15', '2021-01-01', '2025-12-31');

-- Заполнение таблицы appointment
INSERT INTO appointment (appointment_id, doctor_id, patients_id, appointment_time)
VALUES 
    (1, 1, 1, '2023-10-01 10:00:00'),
    (2, 2, 2, '2023-10-02 11:00:00'),
    (3, 3, 3, '2023-10-03 12:00:00'),
    (4, 4, 4, '2023-10-04 13:00:00'),
    (5, 5, 5, '2023-10-05 14:00:00'),
    (6, 6, 6, '2023-10-06 15:00:00'),
    (7, 7, 7, '2023-10-07 16:00:00'),
    (8, 8, 8, '2023-10-08 17:00:00'),
    (9, 9, 9, '2023-10-09 18:00:00'),
    (10, 10, 10, '2023-10-10 19:00:00'),
    (11, 11, 11, '2023-10-11 20:00:00'),
    (12, 12, 12, '2023-10-12 21:00:00'),
    (13, 13, 13, '2023-10-13 22:00:00'),
    (14, 14, 14, '2023-10-14 23:00:00'),
    (15, 15, 15, '2023-10-15 10:00:00'),
    (16, 1, 2, '2023-10-16 11:00:00'),
    (17, 2, 3, '2023-10-17 12:00:00'),
    (18, 3, 4, '2023-10-18 13:00:00'),
    (19, 4, 5, '2023-10-19 14:00:00'),
    (20, 5, 6, '2023-10-20 15:00:00'),
    (21, 6, 7, '2023-10-21 16:00:00'),
    (22, 7, 8, '2023-10-22 17:00:00'),
    (23, 8, 9, '2023-10-23 18:00:00'),
    (24, 9, 10, '2023-10-24 19:00:00'),
    (25, 10, 11, '2023-10-25 20:00:00'),
    (26, 11, 12, '2023-10-26 21:00:00'),
    (27, 12, 13, '2023-10-27 22:00:00'),
    (28, 13, 14, '2023-10-28 23:00:00'),
    (29, 14, 15, '2023-10-29 10:00:00'),
    (30, 15, 1, '2023-10-30 11:00:00');

-- Заполнение таблицы analysis
INSERT INTO analysis (analysis_id, appointment_id, sample_type, target_molecule, analysis_method)
VALUES 
    (1, 1, 'Кровь', 'Глюкоза', 'Биохимический анализ'),
    (2, 2, 'Моча', 'Белок', 'Общий анализ'),
    (3, 3, 'Кровь', 'Холестерин', 'Биохимический анализ'),
    (4, 4, 'Слюна', 'ДНК', 'Генетический анализ'),
    (5, 5, 'Кровь', 'Гемоглобин', 'Общий анализ'),
    (6, 6, 'Моча', 'Креатинин', 'Биохимический анализ'),
    (7, 7, 'Кровь', 'Лейкоциты', 'Общий анализ'),
    (8, 8, 'Кровь', 'Тромбоциты', 'Общий анализ'),
    (9, 9, 'Моча', 'Глюкоза', 'Биохимический анализ'),
    (10, 10, 'Кровь', 'Билирубин', 'Биохимический анализ'),
    (11, 11, 'Слюна', 'РНК', 'Генетический анализ'),
    (12, 12, 'Кровь', 'Эритроциты', 'Общий анализ'),
    (13, 13, 'Моча', 'Белок', 'Общий анализ'),
    (14, 14, 'Кровь', 'Холестерин', 'Биохимический анализ'),
    (15, 15, 'Кровь', 'Глюкоза', 'Биохимический анализ');

-- Заполнение таблицы prescription
INSERT INTO prescription (prescription_id, appointment_id, drug_name, dose, duration)
VALUES 
    (1, 1, 'Аспирин', '100 мг', '7 days'),
    (2, 2, 'Парацетамол', '500 мг', '5 days'),
    (3, 3, 'Ибупрофен', '200 мг', '3 days'),
    (4, 4, 'Амоксициллин', '500 мг', '10 days'),
    (5, 5, 'Лоратадин', '10 мг', '14 days'),
    (6, 6, 'Омепразол', '20 мг', '30 days'),
    (7, 7, 'Метформин', '500 мг', '90 days'),
    (8, 8, 'Аторвастатин', '10 мг', '30 days'),
    (9, 9, 'Лозартан', '50 мг', '30 days'),
    (10, 10, 'Амлодипин', '5 мг', '30 days'),
    (11, 11, 'Симвастатин', '20 мг', '30 days'),
    (12, 12, 'Метопролол', '50 мг', '30 days'),
    (13, 13, 'Глибенкламид', '5 мг', '30 days'),
    (14, 14, 'Фуросемид', '40 мг', '7 days'),
    (15, 15, 'Дигоксин', '0.25 мг', '30 days');

-- Заполнение таблицы clinical_note
INSERT INTO clinical_note (clinical_note_id, appointment_id, symptoms, diagnosis)
VALUES 
    (1, 1, 'Головная боль, слабость', 'Гипертония'),
    (2, 2, 'Кашель, температура', 'ОРВИ'),
    (3, 3, 'Боль в груди', 'Стенокардия'),
    (4, 4, 'Головокружение', 'Анемия'),
    (5, 5, 'Боль в животе', 'Гастрит'),
    (6, 6, 'Сыпь', 'Аллергия'),
    (7, 7, 'Тошнота, рвота', 'Отравление'),
    (8, 8, 'Боль в суставах', 'Артрит'),
    (9, 9, 'Слабость, усталость', 'Анемия'),
    (10, 10, 'Боль в горле', 'Фарингит'),
    (11, 11, 'Боль в спине', 'Остеохондроз'),
    (12, 12, 'Боль в ноге', 'Тромбоз'),
    (13, 13, 'Боль в ухе', 'Отит'),
    (14, 14, 'Боль в глазу', 'Конъюнктивит'),
    (15, 15, 'Боль в зубе', 'Кариес');
